"list","header"
"5e01079fd57fd00035f81695","Downtown Miami 1031 | 2BR Waterfront Condo-Hotel | Free Valet Parking"
"5e0107a0d57fd00035f8184f","Downtown Miami 1434 | 2BR Waterfront Condo-Hotel | Free Valet Parking"
"5e010797d57fd00035f810a8","Downtown Miami 1448 |  1BR Waterfront Condo-Hotel | Free Valet Parking"
"5e01079cd57fd00035f813f1","Downtown Miami 1545 |  1BR Waterfront Condo-Hotel | Free Valet Parking"
"5e010797d57fd00035f810cc","Downtown Miami 1653 | 1BR Waterfront Condo-Hotel | Free Valet Parking"
"5e01079bd57fd00035f81334","Downtown Miami 1750 | 1BR Waterfront Condo-Hotel | Free Valet Parking"
"5e01079cd57fd00035f81539","Downtown Miami 1755 | 2BR Waterfront Condo-Hotel | Free Valet Parking"
"5e01079cd57fd00035f8141e","Downtown Miami 2055 | 2BR Waterfront Condo-Hotel | Free Valet Parking"
"5e01079cd57fd00035f81395","Downtown Miami 2252 | 1BR Waterfront Condo-Hotel | Free Valet Parking"
"5e0107a1d57fd00035f818ab","Downtown Miami 2634 | 2BR Waterfront Condo-Hotel | Free Valet Parking"
"5e01079fd57fd00035f816d4","Downtown Miami 2755 | 2BR Waterfront Condo-Hotel | Free Valet Parking"
"5e010798d57fd00035f81132","Downtown Miami 2833 | 2BR Waterfront Condo-Hotel | Free Valet Parking"
"5e010797d57fd00035f81104","Downtown Miami 2838 | 1BR Waterfront Condo-Hotel | Free Valet Parking"
"5e01079cd57fd00035f8161a","Downtown Miami 2945 | 1BR Waterfront Condo-Hotel | Free Valet Parking"
"5e01079cd57fd00035f81503","Downtown Miami 3052 |  1BR Waterfront Condo-Hotel | Free Valet Parking"
"5e0107a1d57fd00035f8191e","Downtown Miami 3337 | 1BR Waterfront Condo-Hotel | Free Valet Parking"
"5e01079cd57fd00035f815bf","Downtown Miami 3444 | 1BR Waterfront Condo-Hotel | Free Valet Parking"
"5e01079cd57fd00035f81477","Downtown Miami 3854 | 2BR Waterfront Condo-Hotel | Free Valet Parking"
"5e0107a1d57fd00035f81957","Downtown Miami 4055 | 5BR Waterfront Condo-Hotel | Free Valet Parking"
"5e010798d57fd00035f811bb","Downtown Miami 4156 | 3BR Waterfront Condo-Hotel | Free Valet Parking"
"5e0107a0d57fd00035f81810","Downtown Miami 4157 | 2BR Waterfront Condo-Hotel | Free Valet Parking"
"5e0107a0d57fd00035f817c5","Downtown Miami 4244 | 1BR Waterfront Condo-Hotel | Free Valet Parking"